index,url,product_id,created_at,updated_at
1,https://down-sg.img.susercontent.com/file/8cfb37676006f40b8cfb21930b70c2df,1,2023-08-11 12:11:11.427 +0800,2023-08-11 12:11:11.427 +0800
2,https://down-sg.img.susercontent.com/file/925d8b2594d284d1d980a4a3eca78a65,1,2023-08-11 12:11:11.427 +0800,2023-08-11 12:11:11.427 +0801
3,https://cf.shopee.sg/file/52acee26e4470fd811b16f039ffc13f5_tn,1,2023-08-11 12:11:11.427 +0800,2023-08-11 12:11:11.427 +0802
4,https://laz-img-sg.alicdn.com/p/14ddee959c212178ac66af30a5faa444.jpg,1,2023-08-11 12:11:11.427 +0800,2023-08-11 12:11:11.427 +0803
1,https://i.ebayimg.com/images/g/cfIAAOSwgcxj4dEx/s-l500.png,2,2023-08-11 12:11:11.427 +0800,2023-08-11 12:11:11.427 +0804
2,"https://hnsgsfp.imgix.net/4/images/detailed/102/Harvey_Norman-Image.pptx_-_2023-03-30T131949.242.jpg?fit=fill&bg=0FFF&w=785&h=460&auto=format,compress",2,2023-08-11 12:11:11.427 +0800,2023-08-11 12:11:11.427 +0805
3,https://encrypted-tbn0.gstatic.com/images?q=tbn:ANd9GcTnUrHmuJraTYXExgUwkddHiHE69CzpI7I-rg&usqp=CAU,2,2023-08-11 12:11:11.427 +0806,2023-08-11 12:11:11.427 +0806
4,https://www.gaincity.com/media/catalog/product/cache/6c6c50d4c233a553cee4f0d7353c6a74/s/e/sea_homepod_pdp_image_position-3.jpg,2,2023-08-11 12:11:11.427 +0800,2023-08-11 12:11:11.427 +0807
1,https://m.media-amazon.com/images/I/71wtYi+0t0L._AC_SX522_.jpg,3,2023-08-11 12:11:11.427 +0808,2023-08-11 12:11:11.427 +0808
2,https://m.media-amazon.com/images/I/61zuR3UMnWL.__AC_SX300_SY300_QL70_ML2_.jpg,3,2023-08-11 12:11:11.427 +0809,2023-08-11 12:11:11.427 +0809
3,https://laz-img-sg.alicdn.com/p/68aebbf970e0394f7cfc03643411c27a.jpg,3,2023-08-11 12:11:11.427 +0810,2023-08-11 12:11:11.427 +0810
4,https://www.nuscoop.sg/site/Product%20Images/619659182557_image-01.jpg?resizeid=3&resizeh=600&resizew=600,3,2023-08-11 12:11:11.427 +0811,2023-08-11 12:11:11.427 +0811
1,https://www.asus.com/media/global/products/zlyA4jyi61TpX74V/P_setting_xxx_0_90_end_692.png,4,2023-08-11 12:11:11.427 +0812,2023-08-11 12:11:11.427 +0812
2,https://cdn.electronicscrazy.sg/Productimage/Motherboard_mv31-in.jpg,4,2023-08-11 12:11:11.427 +0813,2023-08-11 12:11:11.427 +0813
1,"https://m.media-amazon.com/images/I/718e3tSx6eL._AC_UF1000,1000_QL80_.jpg",5,2023-08-11 12:11:11.427 +0814,2023-08-11 12:11:11.427 +0814
2,"https://m.media-amazon.com/images/S/aplus-media/sc/7fff8139-8bf9-4a39-bf2e-ef0ef2f28b5a.__CR0,1,2504,1549_PT0_SX970_V1___.jpg",5,2023-08-11 12:11:11.427 +0815,2023-08-11 12:11:11.427 +0815
1,"https://m.media-amazon.com/images/I/71pOW6LpyfL._AC_UF350,350_QL80_.jpg",6,2023-08-11 12:11:11.427 +0816,2023-08-11 12:11:11.427 +0816
2,https://www.mobilerelation.com.sg//image/cache/catalog/products/Apple/iPhone%2014%20pro%20max/iPhone%2014%20Pro%20Max%20Colours-800x800.JPG,6,2023-08-11 12:11:11.427 +0817,2023-08-11 12:11:11.427 +0817
1,https://store.storeimages.cdn-apple.com/8756/as-images.apple.com/is/ipad-finish-select-gallery-202211-space-gray-wificell_AV1_FMT_WHH?wid=1280&hei=720&fmt=p-jpg&qlt=95&.v=1670633068364,7,2023-08-11 12:11:11.427 +0818,2023-08-11 12:11:11.427 +0818
2,https://store.storeimages.cdn-apple.com/8756/as-images.apple.com/is/ipad-finish-unselect-gallery-1-202207_FMT_WHH?wid=1200&hei=630&fmt=jpeg&qlt=95&.v=1654902549556,7,2023-08-11 12:11:11.427 +0819,2023-08-11 12:11:11.427 +0819
1,https://changiairport.scene7.com/is/image/changiairport/mp00176324-2-sony-1666787690992-sony-ilce--7cl---a7c-alpha-e-mount-compact-full-frame-camera--with-kit-lens-sel2870---si?$2x$,8,2023-08-11 12:11:11.427 +0820,2023-08-11 12:11:11.427 +0820
2,"https://www.bhphotovideo.com/cdn-cgi/image/format=auto,fit=scale-down,width=500,quality=95/https://www.bhphotovideo.com/images/images500x500/sony_alpha_a7c_mirrorless_digital_1690221439_1612897.jpg",8,2023-08-11 12:11:11.427 +0821,2023-08-11 12:11:11.427 +0821
1,https://store.sony.com.sg/cdn/shop/products/PS52DSBundle_DISC_grande.png?v=1676864416,9,2023-08-11 12:11:11.427 +0822,2023-08-11 12:11:11.427 +0822
2,https://media.takealot.com/covers_images/5514623a7ab24caeac3646965289261f/s-pdpxl.file,9,2023-08-11 12:11:11.427 +0823,2023-08-11 12:11:11.427 +0823
1,"https://m.media-amazon.com/images/I/71RG1d06yML._AC_UF1000,1000_QL80_.jpg",10,2023-08-11 12:11:11.427 +0824,2023-08-11 12:11:11.427 +0824
2,https://laz-img-sg.alicdn.com/p/4c91e84a06220260407f79d4a9a9474a.jpg,10,2023-08-11 12:11:11.427 +0825,2023-08-11 12:11:11.427 +0825
3,https://encrypted-tbn0.gstatic.com/images?q=tbn:ANd9GcSKFLoPPYP1MhkeWvF1pbI1c7d14_ptOwn519dtSAuBCybTvXU8alNYY6CWFLCkDId-i1M&usqp=CAU,10,2023-08-11 12:11:11.427 +0826,2023-08-11 12:11:11.427 +0826
1,https://www.gaincity.com/media/catalog/product/cache/6c6c50d4c233a553cee4f0d7353c6a74/3/2/32pht6917_98___f__220428003n_1.jpg,11,2023-08-11 12:11:11.427 +0827,2023-08-11 12:11:11.427 +0827
2,https://p-sg.ipricegroup.com/77db40002882982c8dde063cff7fb118898f3ab5_0.jpg,11,2023-08-11 12:11:11.427 +0828,2023-08-11 12:11:11.427 +0828
1,https://lzd-img-global.slatic.net/g/p/c35ff0bde40cdca7fe72183422fe86e0.jpg_360x360q75.jpg_.webp,12,2023-08-11 12:11:11.427 +0829,2023-08-11 12:11:11.427 +0829
2,https://avstore.in/cdn/shop/products/AVStore5_d8697913-5ff0-48ed-82a3-e6876e642203.jpg?v=1616140060,12,2023-08-11 12:11:11.427 +0830,2023-08-11 12:11:11.427 +0830
1,"https://hipvan-images-production.imgix.net/product-images/40bf5c79-334e-48a0-b2d7-a4a82ca12be7/KITH--KITH-Smokeless-BBQ-Grill-Touch-Control-1.png?fm=jpg&auto=format,compress&cs=srgb&ar=1:1&fit=fill&bg=ffffff&ixlib=react-9.5.4&w=790&h=790",13,2023-08-11 12:11:11.427 +0831,2023-08-11 12:11:11.427 +0831
2,https://www.siongdoor.sg/wp-content/uploads/2021/08/WhatsApp-Image-2021-10-11-at-17.16.21-1.jpeg,13,2023-08-11 12:11:11.427 +0832,2023-08-11 12:11:11.427 +0832
1,https://www.gaincity.com/media/catalog/product/cache/6c6c50d4c233a553cee4f0d7353c6a74/g/a/gain_city_1__5.png,14,2023-08-11 12:11:11.427 +0833,2023-08-11 12:11:11.427 +0833
2,https://www.parisilk.com/image/cache/data/1.KIRA/1.Dyson/V12%20DETECT%20SLIM%20ABSOLUTE-7-500x500.jpg,14,2023-08-11 12:11:11.427 +0834,2023-08-11 12:11:11.427 +0834
1,https://media.karousell.com/media/photos/products/2022/10/27/new_yangzi_dehumidifier_with_8_1666873677_bbfe6612_progressive.jpg,15,2023-08-11 12:11:11.427 +0835,2023-08-11 12:11:11.427 +0835
2,https://media.karousell.com/media/photos/products/2022/10/27/new_yangzi_dehumidifier_with_8_1666873677_fc58a40c_progressive.jpg,15,2023-08-11 12:11:11.427 +0836,2023-08-11 12:11:11.427 +0836
1,https://static.thcdn.com/images/large/original/productimg/1600/1600/11849008-2134609767672645.jpg,16,2023-08-11 12:11:11.427 +0837,2023-08-11 12:11:11.427 +0837
2,https://media.metro.sg/ProductImages/3c6ab45e-6a02-421f-8617-784b2613b3e3/1/240x240/jurlique-herbal-recovery-signature-moisturising-lotion-50ml.jpg,16,2023-08-11 12:11:11.427 +0838,2023-08-11 12:11:11.427 +0838
1,"https://m.media-amazon.com/images/I/61gNHLo04NL._AC_UF894,1000_QL80_.jpg",17,2023-08-11 12:11:11.427 +0839,2023-08-11 12:11:11.427 +0839
2,https://lippieismylife.files.wordpress.com/2017/08/img_20170806_110634_535.jpg?w=960,17,2023-08-11 12:11:11.427 +0840,2023-08-11 12:11:11.427 +0840
1,https://www.karthika.sg/image/catalog/products/shaving/311529.jpg,18,2023-08-11 12:11:11.427 +0841,2023-08-11 12:11:11.427 +0841
2,https://lzd-img-global.slatic.net/g/p/81e819078c49cb43012edf43cddabf83.jpg_360x360q75.jpg_.webp,18,2023-08-11 12:11:11.427 +0842,2023-08-11 12:11:11.427 +0842
1,https://swisse.com.sg/cdn/shop/products/SwisseUltiboostGlucosamine_Chondroitin_720x.png?v=1648021083,19,2023-08-11 12:11:11.427 +0843,2023-08-11 12:11:11.427 +0843
2,https://api.watsons.com.sg/medias/zoom-front-28596.jpg?context=bWFzdGVyfGZyb250L3pvb218NDQ4MjMyfGltYWdlL2pwZWd8Wm5KdmJuUXZlbTl2YlM5b1pqZ3ZhRE0xTHprME9EQXlNemt4T0RVNU5UQXVhbkJufDIyYTYxYzg1YmJiNWQ0MDVmYTgyZGJkMGQ0ZjhhYmI3OTg4OTVlZDc3NWYzMGMyMjEyNDg3MTVkODlmMTNiMTQ,19,2023-08-11 12:11:11.427 +0844,2023-08-11 12:11:11.427 +0844
1,https://static.beautytocare.com/media/catalog/product/cache/global/image/1300x1300/85e4522595efc69f496374d01ef2bf13/h/u/hugo-boss-boss-bottled-eau-de-parfum-100ml.jpg,20,2023-08-11 12:11:11.427 +0845,2023-08-11 12:11:11.427 +0845
2,https://m.media-amazon.com/images/I/61bHx7d55-L._AC_SX679_.jpg,20,2023-08-11 12:11:11.427 +0846,2023-08-11 12:11:11.427 +0846
1,"https://m.media-amazon.com/images/I/71EhRG8c6KL._AC_UF1000,1000_QL80_.jpg",21,2023-08-11 12:11:11.427 +0847,2023-08-11 12:11:11.427 +0847
2,https://img.ws.mms.shopee.sg/sg-11134207-7qve4-ljgdxsz3atmbf5,21,2023-08-11 12:11:11.427 +0848,2023-08-11 12:11:11.427 +0848
1,https://api.watsons.com.sg/medias/cat-front-39407.jpg?context=bWFzdGVyfHd0Y3NnL2ltYWdlc3wxMjAyNTZ8aW1hZ2UvanBlZ3xhREF3TDJoa09DOHhNVFkxTkRjeU5UWTVOelUyTmk5WFZFTlRSeTB6T1RRd055MW1jbTl1ZEM1cWNHY3w0NTMzMGE0NDI4NzRlM2E1ODRmZDBiNWY3NDBhOTU0MmVmZTYyYTA2NzM4MjRiMmZkZmQxZWViNjk3Njc1ZWU0,22,2023-08-11 12:11:11.427 +0849,2023-08-11 12:11:11.427 +0849
2,https://lzd-img-global.slatic.net/g/p/2890ca898ab2ede46e49dc794285be20.jpg_720x720q80.jpg,22,2023-08-11 12:11:11.427 +0850,2023-08-11 12:11:11.427 +0850
1,https://lzd-img-global.slatic.net/g/p/417aac843245fbe8fa08db2fdd522365.png_720x720q80.png,23,2023-08-11 12:11:11.427 +0851,2023-08-11 12:11:11.427 +0851
2,"https://m.media-amazon.com/images/I/51S9E71Cp2L._AC_UF894,1000_QL80_.jpg",23,2023-08-11 12:11:11.427 +0852,2023-08-11 12:11:11.427 +0852
1,https://images-na.ssl-images-amazon.com/images/I/71ZT5Rq8KwL.jpg,24,2023-08-11 12:11:11.427 +0853,2023-08-11 12:11:11.427 +0853
2,https://i.ebayimg.com/images/g/ymoAAOSwCkBktgyY/s-l1600.jpg,24,2023-08-11 12:11:11.427 +0854,2023-08-11 12:11:11.427 +0854
1,https://www.littlekooma.com/cdn/shop/products/O1CN015RTkUf1qV3AhVAau3__3980575500_1400x.jpg?v=1676875948,25,2023-08-11 12:11:11.427 +0855,2023-08-11 12:11:11.427 +0800
2,https://www.littlekooma.com/cdn/shop/products/9_1d6e2e53-6121-4733-b52b-8b0585ff5f69_1400x.png?v=1676875948,25,2023-08-11 12:11:11.427 +0856,2023-08-11 12:11:11.427 +0800
1,https://www.asherbws.com/wp-content/uploads/2021/07/Copy-of-Jinro-Soju_Jinro-is-back.jpg,26,2023-08-11 12:11:11.427 +0857,2023-08-11 12:11:11.427 +0800
2,https://www.theliquorshop.com.sg/cdn/shop/products/jinro-is-back-carton_grande.jpg?v=1621662809,26,2023-08-11 12:11:11.427 +0858,2023-08-11 12:11:11.427 +0800
1,https://sg-live.slatic.net/p/afabce6ab2e54ca62959c94ce56ddb97.jpg,27,2023-08-11 12:11:11.427 +0800,2023-08-11 12:11:11.427 +0800
2,https://optimofoods.shop/cdn/shop/products/9403110042686_0002_1200x1200.jpg?v=1627379459,27,2023-08-11 12:11:11.427 +0800,2023-08-11 12:11:11.427 +0800
1,https://www.petloverscentre.com.my/Admin/Public/Getimage.ashx?width=300&height=300&compression=60&Crop=5&image=/Files/Images/Ecom/Products/82100.jpg,28,2023-08-11 12:11:11.427 +0800,2023-08-11 12:11:11.427 +0800
2,https://www.puppify.co.za/wp-content/uploads/2020/03/Acana-Singles-Grass-Fed-Lamb-Back.png,28,2023-08-11 12:11:11.427 +0800,2023-08-11 12:11:11.427 +0800
1,https://lzd-img-global.slatic.net/g/p/a4e96ed629fe13b375779a3b6e7053c1.jpg_720x720q80.jpg_.webp,29,2023-08-11 12:11:11.427 +0800,2023-08-11 12:11:11.427 +0800
2,https://cf.shopee.sg/file/b9b6962eccd2a67137658831651e6722,29,2023-08-11 12:11:11.427 +0800,2023-08-11 12:11:11.427 +0800
1,https://lzd-img-global.slatic.net/g/p/184734b9ffc17724006c23ff98065758.jpg_720x720q80.jpg_.webp,30,2023-08-11 12:11:11.427 +0800,2023-08-11 12:11:11.427 +0800
2,https://m.media-amazon.com/images/I/71jZv+skg3L.jpg,30,2023-08-11 12:11:11.427 +0800,2023-08-11 12:11:11.427 +0800
1,https://lzd-img-global.slatic.net/g/ff/kf/Sba112dc736424598b3fee94fc9409f50t.jpg_720x720q80.jpg_.webp,31,2023-08-11 12:11:11.427 +0800,2023-08-11 12:11:11.427 +0800
2,https://lzd-img-global.slatic.net/g/p/32294f7e6097c4a8d3369ddce6f9ffe0.jpg_720x720q80.jpg_.webp,31,2023-08-11 12:11:11.427 +0800,2023-08-11 12:11:11.427 +0800
1,https://lzd-img-global.slatic.net/g/p/40200707989ae7353ceb043193b731ca.jpg_720x720q80.jpg_.webp,32,2023-08-11 12:11:11.427 +0800,2023-08-11 12:11:11.427 +0800
2,https://lzd-img-global.slatic.net/g/p/dd591c956df50a07c61fbb104d543f6f.jpg_720x720q80.jpg_.webp,32,2023-08-11 12:11:11.427 +0800,2023-08-11 12:11:11.427 +0800
1,https://lzd-img-global.slatic.net/g/p/b0ee53e77811ddab231c436947fd8be0.jpg_720x720q80.jpg_.webp,33,2023-08-11 12:11:11.427 +0800,2023-08-11 12:11:11.427 +0800
2,https://lzd-img-global.slatic.net/g/p/caf5c0394cfc1072a36743ecb69ebfeb.jpg_720x720q80.jpg_.webp,33,2023-08-11 12:11:11.427 +0800,2023-08-11 12:11:11.427 +0800
1,"https://m.media-amazon.com/images/I/51k5Z5RPTWL._AC_UF894,1000_QL80_.jpg",34,2023-08-11 12:11:11.427 +0800,2023-08-11 12:11:11.427 +0800
2,https://m.media-amazon.com/images/I/514yK1ukLHL.jpg,34,2023-08-11 12:11:11.427 +0800,2023-08-11 12:11:11.427 +0800
1,https://lzd-img-global.slatic.net/g/p/284e3a49c6e0a3aa24ebea20a677a495.jpg_720x720q80.jpg_.webp,35,2023-08-11 12:11:11.427 +0800,2023-08-11 12:11:11.427 +0800
2,https://lzd-img-global.slatic.net/g/p/4c03a4aa402186be3628a8f7f7c0e2c6.jpg_720x720q80.jpg_.webp,35,2023-08-11 12:11:11.427 +0800,2023-08-11 12:11:11.427 +0800
1,https://lzd-img-global.slatic.net/g/p/10be866e966fc628281651410c501a46.jpg_720x720q80.jpg_.webp,36,2023-08-11 12:11:11.427 +0800,2023-08-11 12:11:11.427 +0800
2,https://lzd-img-global.slatic.net/g/p/95e78a39413c1f3889225affaa091d3d.jpg_720x720q80.jpg_.webp,36,2023-08-11 12:11:11.427 +0800,2023-08-11 12:11:11.427 +0800
1,https://lzd-img-global.slatic.net/g/p/c3f5ed6521cc7671b9c468e15a44e754.jpg_720x720q80.jpg_.webp,37,2023-08-11 12:11:11.427 +0800,2023-08-11 12:11:11.427 +0800
2,https://lzd-img-global.slatic.net/g/ff/kf/Sa71945a4604b4a76af4c771c590569aa7.jpg_720x720q80.jpg_.webp,37,2023-08-11 12:11:11.427 +0800,2023-08-11 12:11:11.427 +0800
1,https://lzd-img-global.slatic.net/g/p/3e010927298c7c2f8425334150ded2a9.jpg_720x720q80.jpg_.webp,38,2023-08-11 12:11:11.427 +0800,2023-08-11 12:11:11.427 +0800
2,https://lzd-img-global.slatic.net/g/p/ebcf3cfa01268230f8646c5cc5ccd5fe.jpg_720x720q80.jpg_.webp,38,2023-08-11 12:11:11.427 +0800,2023-08-11 12:11:11.427 +0800
1,https://lzd-img-global.slatic.net/g/p/138e5acdbc520935f08efbd736390890.jpg_720x720q80.jpg_.webp,39,2023-08-11 12:11:11.427 +0800,2023-08-11 12:11:11.427 +0800
2,https://lzd-img-global.slatic.net/g/p/5cec22e968bd4583e27e39172d2be4bd.jpg_720x720q80.jpg_.webp,39,2023-08-11 12:11:11.427 +0800,2023-08-11 12:11:11.427 +0800
1,https://lzd-img-global.slatic.net/g/p/9786666ee968583cd77cf9be92885cf0.jpg_720x720q80.jpg_.webp,40,2023-08-11 12:11:11.427 +0800,2023-08-11 12:11:11.427 +0800
2,https://lzd-img-global.slatic.net/g/p/ec63b6e533ab8be2b6151a18d155edd3.jpg_720x720q80.jpg_.webp,40,2023-08-11 12:11:11.427 +0800,2023-08-11 12:11:11.427 +0800
1,https://lzd-img-global.slatic.net/g/p/824060acc02adf3b39b0c88c4d1bbfc3.jpg_720x720q80.jpg_.webp,41,2023-08-11 12:11:11.427 +0800,2023-08-11 12:11:11.427 +0800
2,https://lzd-img-global.slatic.net/g/p/a6c62901dfa34d86b30f46666531a936.jpg_720x720q80.jpg_.webp,41,2023-08-11 12:11:11.427 +0800,2023-08-11 12:11:11.427 +0800
1,https://lzd-img-global.slatic.net/g/p/7d8476334d29a98cd50cbc97137c8312.jpg_720x720q80.jpg_.webp,42,2023-08-11 12:11:11.427 +0800,2023-08-11 12:11:11.427 +0800
2,https://lzd-img-global.slatic.net/g/p/cea6221d6729c967fe01527d59ef6739.jpg_720x720q80.jpg_.webp,42,2023-08-11 12:11:11.427 +0800,2023-08-11 12:11:11.427 +0800
3,https://lzd-img-global.slatic.net/g/p/2e0b8773337f6da7fb0a036477569266.jpg_720x720q80.jpg_.webp,42,2023-08-11 12:11:11.427 +0800,2023-08-11 12:11:11.427 +0800
1,https://lzd-img-global.slatic.net/g/p/f00b4ed286c6b8b3cb38353045358857.jpg_720x720q80.jpg_.webp,43,2023-08-11 12:11:11.427 +0800,2023-08-11 12:11:11.427 +0800
2,https://lzd-img-global.slatic.net/g/p/1f2422e9026bc46cd50086d3ead965b1.jpg_720x720q80.jpg_.webp,43,2023-08-11 12:11:11.427 +0800,2023-08-11 12:11:11.427 +0800
1,https://lzd-img-global.slatic.net/g/p/d90d7b28f115ab73ad3fccc7f6acdf82.jpg_720x720q80.jpg_.webp,44,2023-08-11 12:11:11.427 +0800,2023-08-11 12:11:11.427 +0800
2,https://lzd-img-global.slatic.net/g/p/ebaa8c2fd1841a9f7e57a5e5a05d4017.jpg_720x720q80.jpg_.webp,44,2023-08-11 12:11:11.427 +0800,2023-08-11 12:11:11.427 +0800
1,https://innerstatement.com.sg/cdn/shop/products/BML957699AS1-DOPENQ.jpg?v=1688982830,45,2023-08-11 12:11:11.427 +0800,2023-08-11 12:11:11.427 +0800
2,https://lzd-img-global.slatic.net/g/p/749f9cd9e925cd2307fd1c6dc7c8bca0.jpg_720x720q80.jpg_.webp,45,2023-08-11 12:11:11.427 +0800,2023-08-11 12:11:11.427 +0800
1,https://lzd-img-global.slatic.net/g/p/ebf00db12c87708d2418740dac52ca29.jpg_720x720q80.jpg_.webp,46,2023-08-11 12:11:11.427 +0800,2023-08-11 12:11:11.427 +0800
2,"https://images-fe.ssl-images-amazon.com/images/I/61w38oISE0L._AC_UL600_SR600,600_.jpg",46,2023-08-11 12:11:11.427 +0800,2023-08-11 12:11:11.427 +0800
1,https://lzd-img-global.slatic.net/g/p/63aeba05f1eaed3edce6554f782a6a60.jpg_720x720q80.jpg_.webp,47,2023-08-11 12:11:11.427 +0800,2023-08-11 12:11:11.427 +0800
2,https://lzd-img-global.slatic.net/g/p/a2daa031d5c99f6d10e59dde8624a722.jpg_720x720q80.jpg_.webp,47,2023-08-11 12:11:11.427 +0800,2023-08-11 12:11:11.427 +0800
1,https://lzd-img-global.slatic.net/g/p/cc3b64b16ca548da2c91df10c4802669.jpg_720x720q80.jpg_.webp,48,2023-08-11 12:11:11.427 +0800,2023-08-11 12:11:11.427 +0800
2,https://lzd-img-global.slatic.net/g/p/96f9ba387bdaeeeece5c2281e831261f.jpg_720x720q80.jpg_.webp,48,2023-08-11 12:11:11.427 +0800,2023-08-11 12:11:11.427 +0800
1,https://lzd-img-global.slatic.net/g/p/2e967328a1c505f421524d32688037b2.jpg_720x720q80.jpg_.webp,49,2023-08-11 12:11:11.427 +0800,2023-08-11 12:11:11.427 +0800
2,https://lzd-img-global.slatic.net/g/p/66ba9607efe045ffdac35487adee77b1.jpg_720x720q80.jpg_.webp,49,2023-08-11 12:11:11.427 +0800,2023-08-11 12:11:11.427 +0800
